Word,Tag 1,Tag 2,Tag 3,South Africa,Colour,Difficulty,Length
1984,Language and Literature ,Book,,,0,3,4
September 11,History,,,,0,1,12
46664,History,,,1,0,2,5
1 2 Step,Music,,,,1,2,8
2-factor authentication,Technology,,,,0,2,23
20 Questions,Games,,,,1,2,12
30 Rock,TV Show,,,,1,2,7
30 seconds ,Games,Boardgame,,1,1,1,11
3d printing,Technology,,,,0,1,11
5 second rule,Games,Boardgame,,,1,2,13
5g,Technology,,,,0,1,2
7 cards,Games,,,1,1,2,7
7de Laan,TV Show,,,1,1,1,8
A Clockwork Orange,Language and Literature ,Book,,1,0,2,18
A tornado flew around my home,Music,Song,,,1,2,29
AB de Villiers,People and Characters,Sports,Cricket,1,1,2,14
abacus,Math and Science,,,,0,1,6
achy breaky heart,Music,,,,1,1,17
Ackermans,Companies,,,1,0,1,9
Adam Driver,People and Characters,Actor,,,1,2,11
adidas,Companies,,,,1,1,6
Adventure Time,TV Show,,,,1,2,14
Adventures of Huckleberry Finn,Language and Literature ,Book,,,0,2,30
aerodynamics,Math and Science,,,,0,1,12
African Wormwood,Nature,South Africa,,1,0,3,16
Afrikaans Language Monument,History,triplet,,1,0,3,27
AfrikaBurn,Events,,,1,0,2,10
Agapanthus,Nature,South Africa,,1,0,3,10
Ahmed Kathrada,People and Characters,Politics,,,0,3,14
AINSLEY HARRIOTT,People and Characters,Food & Drink,Chef,,0,3,16
Air Fryer,Technology,,,,0,1,9
AK-47,Technology,,,,0,1,5
AL CAPONE,TV Show,,,,1,3,9
Aladdin,Movies,,,,1,1,7
Alchemist,Language and Literature ,Book,,,0,2,9
alchemy,Math and Science,,,,0,2,7
Alexander Fleming,People and Characters,Math and Science,,,0,3,17
alfred nobel,People and Characters,Math and Science,,,0,3,12
algorithm,Math and Science,,,,0,1,9
Alice in Wonderland,Language and Literature ,Book,,,0,2,19
Alisson Becker,People and Characters,Sports,Soccer,,1,3,14
All i want for christmas is you,Music,Lyrics,,,1,2,31
all of the lights,Music,Lyrics,,1,1,2,17
All the Single Ladies,Music,Lyrics,,,1,1,21
Alpaca,Animals,,,,0,2,6
Alphabet,Companies,,,1,0,1,8
Altered Carbon,TV Show,,,,1,3,14
Amasie,Food and Drink,,,1,1,3,6
Amazing Race,TV Show,,,,1,2,12
American Football,Sports,,,,1,1,17
American Idol,TV Show,,,,1,1,13
American Psycho,Movies,Indian,,,1,2,15
Amish,People and Characters,,,,0,3,5
and united we shall stand,Music,Lyrics,,1,1,1,25
Andon Cord,Technology,,,,0,3,10
Angelina Jolie,People and Characters,Actor,,,1,1,14
Anglo American,Companies,,,1,0,3,14
Anglo-Zulu War,History,South Africa,,1,0,3,14
angry birds,Games,,,,1,1,11
antarctica,Geography,,,,0,1,10
anthropology,Language and Literature ,,,,0,2,12
antibiotics,Math and Science,,,,0,1,11
anton rupert,People and Characters,Politics,,1,0,3,12
Apartheid,History,,,1,0,1,9
apple watch,Technology,,,,0,1,11
april fools' day,Events,,,,0,1,16
Arab Spring,History,Event,,,0,2,11
Argentina,Geography,Country,,,0,1,9
Aristotle,People and Characters,,,,0,3,9
Armadillo,Animals,,,,0,1,9
art blakey,People and Characters,Music,Artist,,1,2,10
artic,Geography,,,,0,1,5
artificial Intelligence,Technology,,,,0,1,23
ASICS,Companies,,,,0,1,5
Asimbonanga,Music,,,1,1,3,11
asterix,People and Characters,Movie,,,1,2,7
astronomy,Math and Science,,,,0,1,9
AT&T,Companies,,,,0,2,4
Atcha,Food and Drink,,,1,1,2,5
Athens,Geography,City,,,0,1,6
Athletics,Sports,,,,1,1,9
Athlone,Geography,,,1,0,1,7
Atomic Habits,Language and Literature ,Book,,,0,2,13
audi,Companies,,,,0,1,4
auld lang syne,Music,,,,1,3,14
Australia,Geography,Country,,,0,1,9
Automatic,Technology,triplets,,,0,1,9
Avalanche,Nature,,,,0,1,9
avocado,Food and Drink,,,,1,1,7
aweh,Culture,,,1,1,1,4
Axolotl,Animals,,,,0,3,7
Azkaban,Geography,Places,,,0,2,7
"BAA, BAA, BLACK SHEEP",Music,Lyrics,,,1,1,21
backgammon,Games,,,,1,2,10
Backstage,TV Show,,,1,1,2,9
Bad Bunny,People and Characters,Music,Artist,,1,2,9
Badminton,Sports,,,,1,1,9
bafana bafana,People and Characters,Sports,,1,1,1,13
bakkie,Culture,,,1,1,1,6
ball is in your court,Language and Literature ,,,,0,2,21
ballie,Culture,,,1,1,2,6
bang bang bang,Music,Lyrics ,triplets,,1,1,14
Bantu Land Act,History,Event,,1,0,3,14
barack obama,People and Characters,,,,0,1,12
Barakat,Food and Drink,Meal,,1,1,2,7
barbecue,Food and Drink,,,,1,1,8
barbie and ken,People and Characters,,,,0,1,14
Barbra Streisand,People and Characters,Music,,,1,2,16
barney,TV Show,,,,1,1,6
bassem youssef,People and Characters,Comedian,,1,1,2,14
Bastille Day,Events,,,,0,3,12
Bathroom Bizarre,Companies,,,1,1,2,16
Battleships,Games,Boardgame,,,1,1,11
baywatch,Movies,,,,1,1,8
BBC,TV Show,,,,1,1,3
beautiful girl,Music,Lyrics,,,1,1,14
Beauty and the Beast,Movies,,,,1,1,20
Becoming,Language and Literature ,Book,,,0,2,8
beetle,Animals,,,,0,1,6
ben 10,TV Show,,,,1,1,6
Benedict Cumberbatch,People and Characters,Actor,,,1,3,20
Benni McCarthy,People and Characters,Sports,,1,1,1,14
Bering Strait,Geography,City,,,0,3,13
Berlin,Geography,City,,,0,2,6
Berlin Wall,Geography,Landmarks,,,0,2,11
best of both worlds,Music,,,,1,2,19
"Bet on it, bet on it",Music,Lyrics,,,1,2,20
bethlehem,Geography,Landmarks,,,0,2,9
Between Two Worlds ,Language and Literature ,Book,,,0,3,19
Big Bang Theory,TV Show,,,,1,1,15
Big Brother,TV Show,,,,1,1,11
Big Magic,Language and Literature ,,,,0,2,9
Big Mouth,TV Show,,,,1,2,9
bill gates,People and Characters,,,,0,1,10
Billabong,Companies,,,,1,1,9
Billie Jean,Music,Lyrics,,1,1,1,11
Billie Jean King,People and Characters,Music,Artist,,1,2,16
Bingo,Games,,,,1,1,5
Biotechnology,Math and Science,,,,0,2,13
bistro,Geography,,,,0,2,6
Bite the bullet,Language and Literature ,,,,0,1,15
Black Beauty,Language and Literature ,,,,0,2,12
Black Death,History,Event,,,0,2,11
Black Mirror,TV Show,,,,1,2,12
Black Panther,People and Characters,Movies,,,1,1,13
BlackBerry,Technology,Things,,,0,1,10
Blackpink,People and Characters,Music,Artist,,1,1,9
Bleach,TV Show,Anime,,,1,2,6
Blink 182,People and Characters,Music,,,1,2,9
Blobfish,Animals,,,,0,3,8
Blockchain,Technology,,,,0,2,10
blondie,People and Characters,Music,,1,1,2,7
Blood Diamond,Movies,,,,1,2,13
Blue Cheese,Food and Drink,,,,1,1,11
bluetooth,Technology,,,,0,1,9
BMW,Companies,,,,0,1,3
bob the builder,TV Show,,,,1,1,15
Bobotie,Food and Drink,,,1,1,2,7
Bobsleigh,Sports,,,,1,2,9
BODMAS,Math and Science,,,,0,1,6
body is a wonderland,Music,Lyrics,,,1,3,20
Boer maak 'n plan,Culture,,,1,1,1,17
Boer War,History,South Africa,,1,0,2,8
Boerewors,Food and Drink,,,1,1,1,9
Boet,Culture,,,1,1,1,4
Bohemian Rhapsody,Movies,Music,,,1,1,17
Boileroom,TV Show,,,,1,2,9
Bokke,Culture,,,1,1,1,5
Bokkoms,Food and Drink,,,1,1,3,7
Bompi,Food and Drink,,,1,1,2,5
boney m,People and Characters,Music,,,1,3,7
bono,People and Characters,Music,,,1,2,4
Boondocks,TV Show,,,,1,2,9
Boris Johnson,People and Characters,Politics,,,0,2,13
Boston,Geography,,,,0,2,6
Bouldering,Sports,,,,1,3,10
Boxing Day,Events,,,,0,1,10
BP,Companies,,,,0,1,2
Braai,Culture,,,1,1,1,5
Braai Day,Events,Holidays,,1,0,1,9
Braaibroodjies,Food and Drink,,,1,1,2,14
Breaking Bad,TV Show,,,,1,1,12
Breaking the ice,Language and Literature ,,,,0,2,16
Brenda Fassie,People and Characters,Music,,1,1,1,13
brexit,History,,,,0,1,6
BRIDGET JONES'S DIARY,Movies,,,,1,2,21
Broken Telephone,Games,Boardgame,,1,1,1,16
Bronze,Math and Science,,,,0,1,6
Brooklyn Nine-Nine,TV Show,,,,1,2,18
Broom,Things,,,,1,1,5
Bruce Lee,People and Characters,Sports,,1,1,1,9
bruce willis,People and Characters,Actor,,,1,2,12
Brunch,Food and Drink,triplets,,,1,1,6
bruno mars,People and Characters,Music,,,1,1,10
Bryan Habana,People and Characters,Sports,Rugby,,1,1,12
Buchu,Nature,South Africa,,1,0,3,5
Buckingham Palace,Geography,Landmarks,,,0,2,17
Buenos Aires,Geography,City,Capital,,0,2,12
Buffalo Springfield,People and Characters,Music,Artist,,1,2,19
Buffy the Vampire Slayer,TV Show,,,,1,2,24
Bumblebee,Animals,,,,0,1,9
Burger King,Companies,,,,1,1,11
Burger's Daughter ,Language and Literature ,Book,,,0,3,18
Burning Man,Events,,,,0,2,11
Business day,Events,,,,0,2,12
butternut soup,Food and Drink,,,,1,2,14
C Major,Music,triplets,,,1,2,7
Caber Tossing,Sports,,,,1,3,13
Cairo,Geography,City,,,0,1,5
calabash,Nature,South Africa,,1,0,2,8
Calculus,Math and Science,,,,0,2,8
calisthenics,Sports,triplets,,,1,2,12
Call of Duty,Games,,,,1,2,12
Camps Bay,Geography,,,,0,1,9
can't get you out of my head,Music,Lyrics,,,1,2,28
Canberra,Geography,City,,,0,3,8
Candy Crush,Games,,,,1,1,11
Cape Aloe,Nature,South Africa,,1,0,2,9
Cape Colony,History,South Africa,,1,0,2,11
Cape of Good Hope,Geography,Landmarks,,,0,1,17
Cape Protea,Nature,South Africa,,,0,1,11
Cape Town,Geography,City,,1,0,1,9
cape town harbour,Geography,,,,0,1,17
Cape Verde,Geography,Country,,,0,3,10
Capitec,Companies,,,,0,1,7
Capybara,Animals,,,,0,2,8
Cara Delevingne,People and Characters,Model,,,1,2,15
Caracal,Animals,,,,0,2,7
Caracara,Music,Lyrics,,,1,3,8
Carbon,Math and Science,,,,0,1,6
careless whisper,Music,,,,1,2,16
carling black label,Food and Drink,,,,1,2,19
carnivore,People and Characters,Science,,,0,1,9
Carpenters,People and Characters,Music,,,1,2,10
Carte Blanche,TV Show,,,1,1,1,13
Casey Neistat,People and Characters,Youtube,,1,1,2,13
casper,TV Show,,,,1,1,6
Cassper Nyovest,People and Characters,Music,,1,1,2,15
Castle,Geography,,,,0,1,6
casual day,Events,,,,0,1,10
Cat,Animals,,,,0,1,3
Cat in the Hat,Language and Literature ,Book,,1,0,2,14
Catan,Games,Boardgame,,,1,2,5
Cause I’m Mr. Brightside,Music,,,,1,2,24
central park,Geography,,,,0,1,12
Chakalaka,Food and Drink,,,1,1,2,9
Chalte Chalte,Movies,,,,1,3,13
Champagne papi,People and Characters,Music,Artist,,1,2,14
Chanel,Companies,,,,0,2,6
Chappies,Food and Drink,,,1,1,2,8
charades,Games,,,,1,1,8
Charlie Chaplin,People and Characters,Actor,,,1,1,15
Charlize Theron,People and Characters,Actor,,1,1,1,15
Charlotte's Web,Language and Literature ,Book,,,0,2,15
Cheddar cheese,Food and Drink,,,,1,1,14
cheers,Language and Literature ,,,,0,1,6
cheese boy,Culture,,,1,1,2,10
Cheese-rolling,Sports,,,,1,2,14
Cheetah,Animals,,,,0,1,7
chelsea,People and Characters,Sports,,,1,1,7
chemotherapy,Math and Science,,,,0,2,12
Chess,Sports,,,,1,1,5
chester williams,People and Characters,Sports,,,1,2,16
Chevron ,Companies,,,,0,2,8
chicago,Geography,,,,0,1,7
Chichen Itza,Geography,Landmarks,,,0,3,12
Chicken Biltong,Food and Drink,,,1,1,1,15
chicken kebab,Food and Drink,,,,1,1,13
Chile,Geography,Country,,,0,2,5
Chilli Popper,Food and Drink,Meal,,1,1,2,13
China Floods,History,Event,,,0,2,12
Chinese New Year,Events,,,,0,1,16
Chlorophyll,Math and Science,,,,0,3,11
chris barnard,People and Characters,,,,0,1,13
Chris Evans,People and Characters,Actor,,,1,2,11
Chris Hani,People and Characters,Politics,,1,0,2,10
Chris Hemsworth,People and Characters,Actor,,,1,2,15
Chris Pratt,People and Characters,Actor,,,1,2,11
Christ the Redeemer,Geography,Landmarks,,,0,2,19
Christian Bale,People and Characters,Actor,,,1,1,14
Christmas Day,Events,,,,0,1,13
christmas eve,Events,,,,0,1,13
Christopher Nolan,People and Characters,Actor,,,1,2,17
chromosome,Math and Science,,,,0,1,10
ciabatta,Food and Drink,,,,1,1,8
Cinderella,Movies,,,,1,1,10
cinderella man,Movies,,,,1,2,14
circuit,Math and Science,,,,0,1,7
City of God,Movies,,,,1,2,11
Cleopatra,People and Characters,Politics,,,0,2,9
Clicks,Companies,,,,0,1,6
clifton,Geography,,,,0,1,7
Clockwork Princess,Language and Literature ,Book,,,0,3,18
Cluedo,Games,Boardgame,,,1,2,6
cna,Companies,,,,1,1,3
cnn,TV Show,,,,1,1,3
Cobalt,Math and Science,,,,0,2,6
Coca-Cola,Food and Drink,,,,1,1,9
Coconut Milk,Food and Drink,,,1,1,1,12
CODESA,History,,,,0,3,6
Coldplay,People and Characters,Music,,,1,1,8
Color Purple,Language and Literature ,Book,,,0,2,12
Colosseum,Geography,Landmarks,,,0,1,9
Comic Con,Events,,,1,0,2,9
Commonwealth Games,Events,,,,0,2,18
community,TV Show,,,,1,1,9
Comoros,Geography,Country,,,0,3,7
Complex Numbers,Math and Science,,,,0,2,15
Connect Four,Games,Boardgame,,,1,2,12
constellation,Nature,,,,0,1,13
Coral Reef,Nature,,,,0,1,10
cosatu,People and Characters,Politics,,,0,2,6
Cost an arm and a leg,Language and Literature ,,,,0,2,21
COVID-19,History,Event,,,0,1,8
Cowboy Bebop,TV Show,Anime,,,1,3,12
crayfish curry,Food and Drink,Meal,,1,1,2,14
crazy eights,Games,,,,1,2,12
Crazy Store,Companies,,,1,1,2,11
Creed,Movies,,,,1,2,5
cremora,Food and Drink,,,,1,1,7
Cricket,Sports,,,,1,1,7
Cristiano Ronaldo,People and Characters,Sports,Soccer,1,1,1,17
Crooked Kingdom,Language and Literature ,Book,,,0,3,15
"Crouching Tiger, Hidden Dragon",Movies,,,,1,2,30
Crusades,History,,,,0,2,8
CTRL-C,Technology,triplets,,,0,1,6
CTRL-V,Technology,triplets,,,0,1,6
Cultery ,Technical,triplets,,,0,1,8
Cumulus Clouds,Nature,,,,0,2,14
Curb Your Enthusiasm,TV Show,,,,1,3,20
Curious Case of Benjamin Button,Movies,,,,1,2,31
Cyril Ramaphosa,People and Characters,Politics,,,0,1,15
D-Day,History,,,,0,2,5
Da Vinci Code,Language and Literature ,Book,,,0,1,13
Daily Sun,Companies,,,,0,1,9
Daisies,Events,,,1,0,1,7
Dala what you must,Culture,,,1,1,1,18
Dallas,Geography,,,,0,2,6
daltjies,Food and Drink,,,1,1,2,8
Dancing Queen,Music,,,1,1,1,13
Daniel Craig,People and Characters,Actor,,,1,2,12
Danja Sausage,Food and Drink,,,1,1,2,13
Danny K,People and Characters,Music,Artist,1,1,2,7
Dark Knight ,Movies,,,,1,1,12
Dassie,Culture,,,1,1,1,6
david and goliath,People and Characters,,,,0,1,17
David Bowie,People and Characters,Music,,,1,2,11
David Kramer,People and Characters,Music,Artist,1,1,2,12
David Mabuza,People and Characters,Politics,,1,0,2,12
Day of the Dead,Events,,,,0,3,15
days of our lives,TV Show,,,,1,1,17
Death Star,Language and Literature ,Places,,,0,2,10
Decimals,Math and Science,,,,0,1,8
Demon Slayer,TV Show,Anime,,,1,2,12
Denzel Washington,People and Characters,Actor,,,1,2,17
Desalination,Math and Science,,,,0,2,12
Desert,Nature,,,,0,1,6
Desmond Tutu,People and Characters,Politics,,1,0,2,12
Despacito,Music,Lyrics,,1,1,1,9
Desperate Housewives,TV Show,,,,1,1,20
Despicable Me,Movies,,,,1,1,13
DEVIL WEARS PRADA ,Movies,,,,1,2,18
Devil's Peak,Geography,Landmarks,,,0,1,12
Dexter,TV Show,,,,1,2,6
Dexter's Lab,TV Show,,,,1,2,12
Diary of a Wimpy Kid,Language and Literature ,Book,,,0,2,20
die antwoord,People and Characters,Music,,1,1,1,12
Die hard,Movies,,,,1,1,8
Diego Maradona,People and Characters,Sports,Soccer,,1,2,14
Digimon,Movies,South Africa,,1,1,1,7
Dischem,Companies,,,,0,1,7
Discovery,Companies,,,,0,1,9
discovery channel,TV Show,,,,1,1,17
district 9,Movies,South Africa,,1,1,2,10
Division,Math and Science,,,,0,1,8
Diwali,Events,Holidays,,,0,1,6
Django Unchained,Movies,,,,1,2,16
Djibouti,Geography,Country,,,0,3,8
DNA,Math and Science,,,,0,1,3
Docside,Geography,Places,,,0,2,7
Doctor Who,TV Show,,,,1,2,10
Don't stop believin',Music,Lyrics,,1,1,2,20
donald duck,People and Characters,,,,1,1,11
doom,Games,Things,,,1,1,4
Double Hotdog,Food and Drink,,,1,1,2,13
Down Second Avenue,Language and Literature ,Book,,,0,3,18
DR SEBI,People and Characters,Food & Drink,Nutrionist,,0,3,7
Dragonball Z,TV Show,Anime,,,1,1,12
Drake,People and Characters,Anime,,,1,1,5
Dri Buddi,Things,,,1,1,2,9
Dricus du Plessis,People and Characters,Sports,UFC,1,1,1,17
driftwood,Nature,,,,0,2,9
drop it like it's hot,Music,Lyrics,,,1,1,21
dstv decoder,Technology,,,1,0,1,12
"Duck, Duck, Goose",Games,,,,1,2,17
Dune,Language and Literature ,Book,,1,0,1,4
Dune 2,Movies,,,,1,1,6
Dunning–Kruger effect,Language and Literature ,,,,0,3,21
Duran Duran,Music,Artist ,,,1,2,11
Durban,Geography,City,,1,0,1,6
Durban July,Events,,,1,0,2,11
Durbs,Geography,,,,0,2,5
Dusk,Nature,triplets,,,0,2,4
Dwayne Johnson,People and Characters,Sports,WWE,,1,1,14
E coli,Math and Science,,,,0,2,6
E.T. ,Movies,,,,1,1,5
e.tv,TV Show,,,1,1,1,4
"Earth, Wind and Fire",People and Characters,Music,Artist,,1,1,20
Easter Monday,Events,,,,0,1,13
edgars,Companies,,,1,1,1,6
edinburgh,Geography,,,,0,2,9
Educated,Language and Literature ,Book,,,0,3,8
Egg fried rice,Food and Drink,,,,1,2,14
Eggnog,Food and Drink,Drink,,1,1,2,6
Egoli,Geography,Places,,1,0,2,5
Egypt,Geography,Country,,,0,1,5
Eid ,Events,,,,0,1,4
Eiffel Tower,Geography,Landmarks,,,0,1,12
Eina,Culture,,,1,1,2,4
Eish,Culture,,,1,1,2,4
Ek wil huis toe gaan,Music,Lyrics,,1,1,1,20
Electric Daisy Carnival,Events,,,,0,3,23
Electromagnetism,Math and Science,,,,0,2,16
embryo,Math and Science,,,,0,1,6
Emirates,Companies,,,1,0,1,8
Emma Stone,People and Characters,Actor,,,1,2,10
Empanadas,Food and Drink,Meal,,1,1,3,9
Empire State Building,Geography,Landmarks,,,0,1,21
england,geography,,,,0,1,7
epstein Island,Geography,Places,,,0,1,14
equilibrium,Math and Science,,,,0,1,11
Eragon,Language and Literature ,Book,,1,0,2,6
eric clapton,People and Characters,Actor,,,1,2,12
Eritrea,Geography,Country,,,0,2,7
Erling Haaland,People and Characters,Sports,Soccer,1,1,3,14
Euphoria,TV Show,,,,1,1,8
Evaporation,Nature,,,,0,1,11
Every Breath You Take,Music,Lyrics,,,1,1,21
everybody loves raymond,TV Show,,,,1,2,23
eye of tiger,Music,Lyrics,,,1,1,12
Eyedress,People and Characters,Music,Artist,,1,2,8
fable,Language and Literature ,,,,0,2,5
facebook,Companies,,,,0,1,8
Fahrenheit 451,Language and Literature ,Book,,,0,3,14
Fairy Tail,TV Show,Anime,,,1,2,10
Fajitas,Food and Drink,Meal,,,1,2,7
Family Guy,TV Show,,,,1,2,10
"Father, Son, Holy Spirit",Language and Literature ,triplets,,,0,1,24
father's day,Events,,,,0,1,12
Fatima Sydow,People and Characters,Anime,,1,1,2,12
Fault in Our Stars,Language and Literature ,Book,,,0,3,18
FAUNA AND FLORA,Nature,,,,0,2,15
fear factor,TV Show,,,,1,1,11
Fela in versace,Music,Lyrics,,1,1,2,15
Fencing,Sports,,,,1,2,7
fergie,People and Characters,Music,,,1,2,6
Fernando Alonso,People and Characters,Sports,F1,,1,3,15
Feta,Food and Drink,,,,1,1,4
Fibonacci,Math and Science,,,,0,3,9
FIFA World Cup,History,South Africa,,,0,1,14
Fifty Shades of Grey,Language and Literature ,,,,0,1,20
Fight Club,Movies,,,,1,1,10
Fiji,Geography,Country,,,0,2,4
Final Fantasy,Games,,,,1,2,13
Finding Nemo,Movies,,,,1,1,12
Firefly,TV Show,,,,1,2,7
First national bank,Companies,,,1,0,1,19
FirstRand,Companies,,,,0,2,9
FIVE SENSES,Technical,triplets,,,0,1,11
flake,Food and Drink,,,,1,1,5
Flapping Wings,Culture,,,1,1,1,14
flint,Things,,,,1,1,5
Floyd Mayweather Jr.,People and Characters,Sports,,,1,1,20
Football,Sports,,,,1,1,8
Forbidden City,Geography,Landmarks,,,0,3,14
Formula 1,Sports,,,,1,1,9
Foschini,Companies,,,1,0,1,8
fossil,Nature,,,,0,1,6
Four Corners,Movies,South Africa,,1,1,2,12
Fractals,Math and Science,,,,0,3,8
Fractions,Math and Science,,,,0,1,9
Francois Pienaar,People and Characters,Sports,Rugby,,1,3,16
Frank Sinatra,People and Characters,Music,,,1,1,13
Frankenstein,Language and Literature ,,,,0,1,12
Franklin D. Roosevelt,People and Characters,Politics,,,0,3,21
franschhoek,Geography,,,,0,1,11
Freakonomics,Language and Literature ,Book,,,0,3,12
Free State,Geography,Province,,,0,1,10
Freedom Charter,History,South Africa,,1,0,1,15
Freedom Day,Events,,,1,0,2,11
French Revolution,History,,,,0,2,17
freshlyground,People and Characters,Music,,,1,1,13
friday the thirteenth,Movies,,,,1,2,21
Frikkadel,Food and Drink,,,1,1,2,9
Frozen,Movies,,,,1,1,6
Fruit Cake,Food and Drink,,,,1,2,10
Fugees,People and Characters,Music,,,1,2,6
Fungus,Nature,,,,0,1,6
Futurama,TV Show,,,,1,2,8
FW de Klerk,People and Characters,Politics,,1,0,2,11
Fynbos,Culture,,,1,1,1,6
Gaborone,Geography,City,Capital,,0,3,8
galileo galilei,People and Characters,,,,0,1,15
Game of Thrones,TV Show,,,,1,1,15
Game Theory,Math and Science,,,,0,2,11
Gangnam Style,Music,Lyrics,,,1,1,13
Garlic Paste,Food and Drink,triplets,,,1,1,12
gatsby,Culture,,,1,1,1,6
Gaussian Distribution,Math and Science,,,,0,3,21
gauteng,Geography,,,1,0,1,7
gayton mckenzie,People and Characters,Politics,,,0,2,15
GBV,History,Event,,,0,1,3
Gees,Culture,,,1,1,2,4
Gem Squash,Food and Drink,,,,1,3,10
Gen C Podcast,TV Show,Podcast,,1,1,2,13
generations,TV Show,,,,1,1,11
Geometry,Math and Science,,,,0,1,8
Germany,Geography,Country,,,0,1,7
"get low, get low",Music,Lyrics,,,1,1,16
Get Out,Movies,,,,1,2,7
Gettysburg Address,History,Event,,,0,3,18
ghostbusters,Movies,,,,1,1,12
Gilmore Girls,TV Show,,,,1,2,13
Giraffe,Animals,,,,0,1,7
glacier,Nature,,,,0,1,7
Glasgow,Geography,City ,,,0,2,7
Global Positioning System,Technology,,,,0,2,25
Global Warming,Events,,,,0,1,14
Go fish,Games,,,,1,1,7
Godfather,Movies,,,,1,1,9
Gods Must Be Crazy,Movies,South Africa,,1,1,2,18
Gogo,Culture,,,1,1,2,4
Goku,People and Characters,Anime,,,1,1,4
Gold Rush,History,,,,0,2,9
Golden Dish,Geography,Places,,1,0,2,11
Golden Gate Bridge,Geography,Landmarks,,,0,1,18
Golden Ratio,Math and Science,,,,0,2,12
Golf,Sports,,,,1,1,4
gondola,Things,,,,1,2,7
Gone Girl,Language and Literature ,,,,0,1,9
Gone with the Wind,Language and Literature ,Book,,,0,3,18
Good Bye Lenin!,Movies,,,,1,3,15
Good Friday,Events,,,,0,1,11
Goodfellas,Movies,,,,1,3,10
google earth,Technology,,,,0,1,12
GOOGLE GLASSES,Technology,,,,0,2,14
gorilla,Animals,,,,0,1,7
Gouda,Food and Drink,,,,1,1,5
Goulash,Food and Drink,Meal,,,1,3,7
Graça Machel,People and Characters,Politics,,1,0,2,12
Grahamstown,Geography,Places,,1,0,2,11
Grand Budapest Hotel,Movies,,,,1,3,20
Grand Canyon,Geography,Landmarks,,,0,1,12
Grand Theft Auto,Games,,,,1,1,16
Grave of the Fireflies,Movies,Anime,,,1,3,22
Great Barrier Reef,Geography,Landmarks,,,0,2,18
great britain,Geography,,,,0,1,13
Great Expectations,Language and Literature ,Book,,,0,3,18
great gatsby,Language and Literature ,Book,,,0,1,12
Great Wall of China,Geography,Landmarks,,,0,1,19
Greece,Geography,Country,,,0,1,6
Green Eggs and Ham,Language and Literature ,Book,,,0,2,18
greenpeace,Companies,,,,0,3,10
Grillers,Language and Literature ,Book,,1,0,3,8
Gulf War,History,South Africa,,,0,3,8
guy fawkes day,Events,,,1,0,2,14
Hadedas,Animals,South Africa,,1,0,1,7
hail,Nature,,,,0,1,4
Hakuna Mutata,Language and Literature ,,,,0,2,13
Halle Berry,People and Characters,,,,0,1,11
Halloween,Events,,,,0,1,9
Han Solo,People and Characters,Music,,,1,2,8
Hand Wash,Things,,,,1,1,9
Handball,Games,Culture,,,1,2,8
Hangman,Games,,,,1,1,7
Hansie Cronje,People and Characters,Sports,,,1,2,13
Hanukkah,Events,,,,0,2,8
happy birthday to you,Music,,,,1,1,21
"Harder, Better, Faster, Stronger",Music,Lyrics,,,1,1,32
Harry Potter and the Sorcerer's Stone,Movies,,,,1,1,37
harvard,Geography,,,,0,1,7
Harvest Festival,Events,,,,0,2,16
harvey weinstein,People and Characters,,,,0,1,16
heidi,People and Characters,TV Show,,,1,2,5
heinz winckler,People and Characters,Music,,,1,2,14
Helen Suzman,People and Characters,Politics,,,0,2,12
Helen Zille,People and Characters,Politics,,1,0,1,11
Helium,Math and Science,,,,0,1,6
Hendrick Verwoerd,People and Characters,Politics,,,0,2,17
Henry Ford,People and Characters,,,,0,2,10
herbalife,Companies,,,,0,1,9
Heritage Day ,Events,,,,0,1,13
Hermanus Whale Festival,Events,,,1,0,2,23
Hidden Leaf Village,Geography,Places,,,0,3,19
hide and seek,Games,,,,1,1,13
higgs boson,Technology,,,,0,3,11
High school musical 3,Movies,,,,1,1,21
Hilary Duff,People and Characters,Actor,,,1,1,11
hillbrow,Geography,,,,0,2,8
Hillsong Church,Geography,Places,,1,0,2,15
Hippopotamus,Animals,,,,0,1,12
Hiroshima,History,,,,0,1,9
Hit the nail on the head,Language and Literature ,,,,0,2,24
Hitchhiker's Guide to Galaxy,Language and Literature ,Book,,,0,2,28
Hitchhiking,Culture,,,,1,1,11
Hockey,Sports,,,,1,1,6
Holi,Events,,,1,0,2,4
holland,Geography,,,,0,1,7
Holocaust,History,,,,0,1,9
hologram,Technology,,,,0,1,8
Home Alone,Movies,,,,1,1,10
Honda,Companies,,,,0,1,5
Honey Badger,Animals,,,,0,1,12
Hoodie,Technical,triplets,,,0,1,6
"Hook, Line, Sinker",Language and Literature ,triplets,,,0,2,18
Hopscotch,Games,,,,1,1,9
Horseback Riding,Sports,,,,1,2,16
Hot Potato,Games,,,,1,1,10
Hot Springs,Nature,,,,0,1,11
House,TV Show,,,,1,1,5
House of Cards,TV Show,,,,1,2,14
House of Hades,Language and Literature ,Book,,,0,3,14
How to Train Your Dragon,Movies,Animation,,,1,1,24
Howl's Moving Castle,TV Show,Anime,,,1,2,20
howzit,Culture,,,1,1,1,6
Hugh Masekela,People and Characters,Music,,1,1,3,13
hula hoop,Things,,,,1,1,9
Hulu,Companies,,,,0,2,4
Human Rights Day ,Events,,,,0,1,17
hummus,Food and Drink,,,,1,1,6
Hunger Games,Language and Literature ,Book,,,0,2,12
Hydrogen,Math and Science,,,,0,1,8
hypothesis,Math and Science,,,,0,1,10
i believe i can fly,Music,,,,1,1,19
I have a dream,Language and Literature ,Event,,,0,1,14
I Spy,Games,,,,1,1,5
I wanna be a billionaire,Music,Lyrics,,,1,1,24
I want to break free,Music,Lyrics,,,1,2,20
"I'm blue, da ba dee da ba di",Music,Lyrics,,1,1,1,28
I'm every women,Music,Lyrics,,,1,1,15
ibuprofen,Math and Science,,,,0,2,9
Iceberg,Nature,,,,0,1,7
Idi Amin,People and Characters,Politics,,,0,3,8
Idris Elba,People and Characters,Actor,,,0,2,10
Ikigai,Language and Literature ,,,,0,2,6
Imagine all the people,Music,Lyrics,,,1,2,22
imagine dragons,People and Characters,Music,,,1,1,15
IMAM Haron,People and Characters,Politics,,1,0,2,10
In the 18 Area,Music,Lyrics,,1,1,3,14
In the Meantime,Music,Lyrics,,1,1,2,15
Indaba,Culture,,,1,1,3,6
Independence Day,Events,,,,0,2,16
india,Geography,,,,0,1,5
Indonesia,Geography,Country,,,0,1,9
Industrial Revolution,History,Event,,,0,1,21
inside out,Movies,,,,1,2,10
Intel,Companies,,,,0,1,5
International Women's Day,Events,,,,0,1,25
invictus,Movies,South Africa,,1,1,2,8
ipad,Technology,,,,0,1,4
iPHONE,Technology,,,,0,1,6
isaac newton,People and Characters,,,1,0,1,12
Isibindi,Culture,,,1,1,3,8
Isidingo,TV Show,,,1,1,2,8
Ismaël Lô,Music,Artist,,,1,3,9
Israel,Geography,Country,,,0,1,6
it's too late to apologize,Music,Lyrics,,,1,1,26
Italy,Geography,Country,,,0,1,5
Ja nee,Culture,,,1,1,1,6
jack and the beanstalk,Language and Literature ,,,,0,1,22
jack johnson,People and Characters,Music,,,1,2,12
Jack Nicholson,People and Characters,Actor,,,1,2,14
Jacob Zuma,People and Characters,Politics,,,0,1,10
Jägerbomb,Food and Drink,Drink,,,1,2,9
Jakarta,Geography,City,Capital,,0,3,7
jake White,People and Characters,Sports,,,1,2,10
jalapeño,Food and Drink,,,,1,1,8
James Blunt,People and Characters,Music,Artist,,1,1,11
jamie oliver,People and Characters,,,,0,1,12
Jan Smuts,People and Characters,Politics,,1,0,2,9
Jay-Z,People and Characters,Music,,,1,1,5
jbl speaker,Technology,,,,0,1,11
Jean-Michel Basquiat,People and Characters,,,,0,2,20
Jeannie D,People and Characters,TV Show,,1,1,2,9
jeep,People and Characters,,,,0,1,4
jelly tots,Food and Drink,,,1,1,1,10
Jenga,Games,,,,1,1,5
Jenna Marbles,People and Characters,Youtube,,,1,3,13
jennifer aniston,People and Characters,Actor,,,1,1,16
Jennifer Lawrence,People and Characters,Actor,,,1,2,17
Jennifer Lopez,People and Characters,Music,,,1,1,14
Jimi Hendrix,People and Characters,,,,0,1,12
Joe Barber,Movies,South Africa,,1,1,2,10
Joe Rogan Podcast,TV Show,,,,1,1,17
Johann Rupert,People and Characters,Politics,,1,0,3,13
Johannesburg,Geography,City,,1,0,1,12
John Smit,People and Characters,Sports,Rugby,,1,2,9
John Steenhuisen,People and Characters,Politics,,,0,1,16
johnnie walker,Food and Drink,,,,1,1,14
Johnny Clegg,People and Characters,Music,Artist,1,1,1,12
Johnny Depp,People and Characters,Actor,,,1,1,11
Johnson & Johnson,Companies,,,,0,1,17
jol,Culture,,,1,1,1,3
Jon Jones,People and Characters,Sports,,,1,2,9
Jonty Rhodes,People and Characters,Sports,Cricket,1,1,2,12
Joshua Doore,Companies,,,1,1,2,12
jou ma se,Culture,,,1,1,1,9
JPMorgan,Companies,,,1,0,2,8
Judo,Sports,,,,1,1,4
Julia Roberts,People and Characters,Actor,,,1,1,13
July's People ,Language and Literature ,Book,,1,0,3,14
Jumper,Movies,,,,1,2,6
Jurassic Park,Movies,,,,1,1,13
Just keep swiming,Music,Lyrics,,1,1,1,17
justin timberlake,People and Characters,Music,,,1,1,17
K53,Language and Literature ,,,1,0,2,3
Kabaddi,Sports,,,,1,3,7
Kabhi Kushi Kabhi Gham,Movies,Indian,,,1,3,22
Kabul,Geography,City ,,,0,3,5
Kai Cenat,People and Characters,Streamer,,,1,3,9
kaizer chiefs,People and Characters,Sports,,1,1,1,13
Kakapo,Animals,,,,0,3,6
Kal Ho Naa Ho,Movies,Indian,,,1,3,13
kaleidoscope,Math and Science,,,,0,2,12
Kangaroo,Animals,,,,0,1,8
Kanto,Geography,Event,,,0,3,5
Kanye West,People and Characters,Music,Artist,,1,1,10
"Kaptein, van die sailor ",Music,Lyrics,,1,1,1,24
KARATE,Sports,,,,1,1,6
karl marx,People and Characters,Politics,,,0,2,9
Kat and the Kings,Movies,South Africa,,1,1,3,17
Kaytranada,People and Characters,Music,Artist,,1,2,10
Keanu Reeves,People and Characters,Actor,,,1,1,12
Keeping Up with Kardashians,TV Show,,,,1,1,27
Kenya,Geography,Country,,,0,1,5
KFC,Companies,,,,1,1,3
Khabib Nurmagomedov,People and Characters,Sports,UFC,,1,2,19
Khoi and San,People and Characters,,,1,0,1,12
Kill Bill,Movies,,,,1,1,9
Killer Whale,Animals,,,,0,1,12
kim kardashian,People and Characters,TV Shows,,,1,1,14
Kimchi,Food and Drink,Meal,,,1,1,6
Kindle,Technology,,,,0,2,6
king cone,Food and Drink,,,,1,2,9
King of the air,Events,,,,0,3,15
King of the Hill,TV Show,,,,1,2,16
Kiss me thru the phone,Music,Lyrics,,,1,1,22
Kite runner,Language and Literature ,Book,,,0,2,11
Klein Karoo,Geography,Landmarks,,,0,2,11
klipdrift,Food and Drink,,,,1,1,9
Klopse,Culture,,,1,1,1,6
knight rider,Movies,,,,1,1,12
Knitting,Culture,,,,1,1,8
knysna,Geography,,,,0,1,6
Kobe Bryant,People and Characters,Sports,Basketball,,1,1,11
Koeksisters,Culture,,,1,1,1,11
Koesisters,Culture,,,1,1,1,10
Kombi,Culture,,,1,1,2,5
Komodo Dragon,Animals,,,,0,2,13
Krypton,Geography,,,,0,2,7
Kuch Kuch Hota Hai,Movies,Indian,,,1,3,18
Kudu,Animals,,,,0,2,4
Kurosaki Ichigo,People and Characters,Anime,,,1,3,15
Kurt Cobain,People and Characters,Music,,,1,1,11
Kwaito,Culture,,,1,1,2,6
kwazulu-natal,Geography,,,,0,1,13
Kylian Mbappé,People and Characters,Sports,Soccer,,1,3,13
Laaitie,Culture,,,1,1,1,7
Labour Day,Events,,,,0,1,10
Lactose Intolerant,Math and Science,,,,0,2,18
lagoon,Nature,,,,0,2,6
LaMelo Ball,People and Characters,Sports,Basketball,,1,3,11
Lance Armstrong,People and Characters,Sports,,,1,1,15
Laos,Geography,City,,,0,3,4
Larry Bird,People and Characters,Sports,Basketball,,1,2,10
last christmas,Events,,,,0,1,14
Law and Order,TV Show,,,,1,1,13
League of Legends,Games,,,,1,2,17
Lebonon,Geography,City,,,0,2,7
LeBron James,People and Characters,Sports,Basketball,,1,1,12
LED,Technology,,,,0,1,3
Led Zeppelin,People and Characters,Music,Artist,,1,1,12
Lekker,Culture,,,1,1,1,6
lemon creams,Food and Drink,,,,1,1,12
Lemur,Animals,,,,0,2,5
Leonardo DiCaprio,People and Characters,Actor,,,1,1,17
Lesotho,Geography,Country,,1,0,1,7
let it burn,Music,Lyrics,,,1,1,11
let me hold you down,Music,Lyrics,,,1,2,20
Let the cat out of the bag ,Language and Literature ,,,,0,2,27
let's twist again,Music,Lyrics,,,1,2,17
Lets go 50/50 ,Music,,,1,1,2,14
Lewis Hamilton,People and Characters,Sports,F1,,1,1,14
Liberation Day,Events,Holidays,,,0,3,14
liger,Animals,,,,0,2,5
lighthouse,Things,,,,1,1,10
lighting cable,Technology,,,,0,1,14
like a g6,Music,,,,1,1,9
Lilly Singh,People and Characters,Youtube,,,1,3,11
Limpopo,Geography,,,1,0,1,7
Lion's ear,Food and Drink,South Africa,,1,1,2,10
Lionel Messi,People and Characters,Sports,soccer,,1,1,12
"Lions, Tigers, Bears, Oh My!",Language and Literature ,,,,0,2,28
Lisbon,Geography,City,Capital,,0,2,6
Little Prince,Language and Literature ,Book,,,0,2,13
Liza Koshy,People and Characters,Youtube,,,1,3,10
Logan Paul,People and Characters,Youtube,,,1,2,10
london,Geography,,,,0,1,6
Long Walk to Freedom,Movies,South Africa,,1,1,1,20
Looney Tunes,TV Show,,,,1,1,12
lord of the flies,Language and Literature ,Book,,,0,2,17
lord of the rings,Language and Literature ,Book,,,0,1,17
Los Angeles,Geography,City,,,0,1,11
Louis Armstrong,People and Characters,Math and Science,,,0,2,15
Louis Vuitton,Companies,,,,1,1,13
Love Island,TV Show,,,,1,1,11
Love Languages,Language and Literature ,,,,0,1,14
Luciano Pavarotti,People and Characters,Music,Artist,,1,3,17
Lucky Dube,People and Characters,Music,,1,1,2,10
Lucky Star,Food and Drink,,,1,1,2,10
Lunar New Year,Events,,,,0,2,14
lunch bar,Food and Drink,,,,1,1,9
Luxembourg,Geography,Country,,,0,3,10
Lynx,Animals,,,,0,2,4
m-net,TV Show,,,,1,1,5
Macbeth,Language and Literature ,Plays,,,0,2,7
Machu Picchu,Geography,Landmarks,,,0,2,12
Mad Men,TV Show,,,,1,2,7
Madam & Eve,TV Show,,,1,1,2,11
madonna,People and Characters,Music,,,1,1,7
Madrid,Geography,City,,,0,1,6
Magic Johnson,People and Characters,Sports,Basketball,,1,2,13
Magna Carta,History,Event,,,0,2,11
magnum,Food and Drink,,,,1,1,6
magnum opus,Language and Literature ,,,,0,3,11
Mahatma Gandhi,People and Characters,Politics,,,0,2,14
maher zain,Music,Artist,,,1,3,10
"Make me sweat, make me hotter",Music,Lyrics,,1,1,1,29
Make the circle bigger,Culture,,,1,1,2,22
Malaysia,Geography,Country,,,0,1,8
Malcolm Gladwell,People and Characters,Literature,Author,,0,2,16
Maldives,Geography,Country,,,0,2,8
Mampara,Culture,,,1,1,3,7
Manatee,Animals,,,,0,2,7
manchester,Geography,,,,0,1,10
Mansa musa,People and Characters,Music,Artist,,1,2,10
Mantis Shrimp,Animals,,,,0,3,13
Mardi Gras,Events,,,,0,2,10
Mariah Carey,People and Characters,Music,Artist,,1,1,12
marie claire,TV Show,,,,1,3,12
Marie Curie,People and Characters,Math and Science,,,0,2,11
Marikana,History,South Africa,,,0,2,8
Marilyn Monroe,People and Characters,Actor,,,1,2,14
Mark fish,People and Characters,Sports,Soccer,1,1,2,9
Mark Ruffalo,People and Characters,Actor,,,1,2,12
Mark Shuttleworth,People and Characters,Politics,,,0,1,17
mark wahlberg,People and Characters,Actor,,,1,2,13
Marlon Brando,People and Characters,Actor,,,1,3,13
Marnus Labuschagne,People and Characters,Sports,Cricket,,1,3,18
mars,Geography,,,,0,1,4
Mascara,Things,triplets,,,1,1,7
massachusetts,Geography,,,,0,2,13
Massmart,Companies,,,,0,3,8
MasterChef,TV Show,,,,1,2,10
matchbox,Things,,,,1,1,8
Matilda,Language and Literature ,Book,,,0,2,7
Matt Damon,People and Characters,Actor,,,1,1,10
mazda,Companies,,,,0,1,5
McDonald's,Companies,,,,1,1,10
Mechanical Keyboard,Technology,,,,0,2,19
megan fox,People and Characters,Actor,,,1,1,9
Melktert,Food and Drink,,,1,1,2,8
melrose,Food and Drink,,,,1,1,7
Memoirs of a Geisha,Language and Literature ,,,,0,2,19
Memorial Day,Events,,,,0,2,12
Meow,Language and Literature ,Phonics,,,0,1,4
Meryl Streep,People and Characters,Actor,,,1,2,12
metaphor,Language and Literature ,,,,0,1,8
Mexican Wave,Sports,,,,1,1,12
Mexico,Geography,Country,,,0,1,6
Mexico City,Geography,City,,,0,1,11
michael buble,People and Characters,Music,,,1,2,13
Michael Jordan,People and Characters,Sports,basketball,,1,1,14
Michael Phelps,People and Characters,Sports,,,1,1,14
Michael Schumacher,People and Characters,Sports,F1,,1,1,18
michelin star,Food and Drink,,,,1,1,13
michelle obama,People and Characters,Politics,,,0,1,14
mick jagger,People and Characters,Music,,,1,2,11
Microphone,Technology,,,,0,1,10
Microsoft,Companies,,,,0,1,9
Microsoft Teams,Companies,,,1,0,1,15
mike tyson,People and Characters,Sports,,,1,1,10
Mimosa,Food and Drink,Drink,,,1,2,6
Minecraft,Games,,,,1,2,9
mini,Companies,,,,0,1,4
minnie mouse,People and Characters,,,,0,1,12
Miriam Makeba,People and Characters,Music,,1,1,2,13
MKBHD,People and Characters,Youtube,,,1,3,5
MMA,Sports,,,,1,1,3
Möbius Strip,Math and Science,,,,0,3,12
moby dick,Language and Literature ,Book,,,0,1,9
Mocha,Food and Drink,,,,1,2,5
Mohamed Salah,People and Characters,Sports,Soccer,,1,2,13
Momentum,Math and Science,Company,,,0,1,8
Monaco,Geography,Country,,,0,2,6
Monkey D. Luffy,People and Characters,Anime,,,1,2,15
Monkey Pox,Math and Science,,,,0,2,10
Monopoly,Games,Boardgame,,,1,1,8
Montenegro,Geography,Country,,,0,3,10
monty python,Animals,,,,0,2,12
MoParks,Companies,,,1,1,2,7
morse code,Technology,,,,0,1,10
Moscow,Geography,City,,,0,1,6
mosquito,Animals,,,,0,1,8
Mother Teresa,People and Characters,Politics,,,0,2,13
Mother's Day,Events,,,,0,1,12
Motherboard,Technology,,,,0,2,11
Motherwell,Geography,City ,,,0,2,10
Mount Everest,Geography,Landmarks,,,0,1,13
Mount Fuji,Geography,Landmarks,,,0,2,10
Mount Rushmore,Geography,Landmarks,,,0,2,14
Mowbray Suburbs,People and Characters,,,,0,1,15
Mozzarella,Food and Drink,,,,1,1,10
mr bones,Movies,,,1,1,1,8
MrBeast,People and Characters,Youtube,,,1,2,7
MRI SCAN,Technology,,,,0,2,8
mrs ball's,Food and Drink,,,,1,1,10
MTN,Companies,,,,0,1,3
Muammar Gaddafi,People and Characters,Politics,,,0,2,15
Muhammad Ali,People and Characters,Sports,,1,1,1,12
Multiplication,Math and Science,,,,0,1,14
Muti,Culture,,,1,1,3,4
Muvhango,TV Show,,,1,1,3,8
My sister's keeper,Language and Literature ,Book,,,0,3,18
Mzanzi Fo sho,Music,,,1,1,3,13
mzoli's,Geography,Places,,,0,2,7
Nadine Gordimer,People and Characters,Politics,,,0,2,15
Nagasaki,History,,,,0,1,8
Naked Insurance,Companies,,,,0,1,15
Naked Mole-Rat,Animals,,,,0,2,14
Namaqualand,Geography,Landmarks,,,0,2,11
Nando's,Companies,,,1,1,1,7
Nanotechnology,Math and Science,,,,0,2,14
Naomi Osaka,People and Characters,Sports,,,1,2,11
Narcos,TV Show,,,,1,2,6
Narnia,Language and Literature ,Places,,,0,1,6
Naspers,Companies,,,1,0,2,7
Natalie Portman,People and Characters,Actor,,,1,2,15
National Women's Day,Events,Holidays,,1,0,1,20
NATO,History,,,,0,1,4
Neil Armstrong,People and Characters,,,,0,1,14
Neil deGrasse Tyson,People and Characters,Sports,Boxing,,1,1,19
neil diamond,People and Characters,Music,,,1,2,12
Nelly Furtado,People and Characters,Music,Artist,,1,2,13
Nelson Mandela,People and Characters,Politics,,1,0,1,14
Neon Genesis Evangelion,TV Show,Anime,,,1,3,23
Netcare,Companies,,,1,0,2,7
Netflix,Companies,,,,1,1,7
Netherlands,Geography,Country,,,0,2,11
Neutron,Math and Science,,,,0,2,7
New Delhi,Geography,City,Capital,,0,1,9
New Girl,TV Show,,,,1,2,8
New Year’s Day,Events,,,,0,1,14
New Year's Eve,Events,,,,0,1,14
New York,Geography,City,,,0,1,8
New Zealand,Geography,Country,,,0,1,11
Newton's Second Law,Math and Science,,,,0,1,19
Nicky Oppenheimer,People and Characters,Politics,,,0,2,17
night in tunisia,Music,Song,,,1,3,16
Nike,Companies,,,,1,1,4
niknaks,Food and Drink,,,,1,1,7
Nitrates,Math and Science,,,,0,2,8
Nitrogen,Math and Science,,,,0,1,8
Nkosi sikelel' Afrika,Music,,,1,1,1,21
"No Woman, No Cry",Music,Lyrics,,,1,2,16
noem my skollie,Movies,,,1,1,3,15
nokia ,Companies,,,,0,1,6
Nokia 3310,Technology,Things,,,0,1,10
Noot vir Noot,TV Show,,,1,1,1,13
North America,Geography,,,,0,1,13
Northern Lights,Nature,,,,0,1,15
Norway,Geography,Country,,,0,2,6
Notre Dame,Geography,,,,0,1,10
notting hill,Movies,,,,1,2,12
Novak Djokovic,People and Characters,Sports,Tennis,,1,3,14
Now now,Culture,,,1,1,1,7
NSFAS,Companies,,,1,0,1,5
NVIDIA ,Companies,,,,0,1,7
o.r. tambo international airport,Geography,,,,0,1,32
Oak Tree,Nature,,,,0,2,8
obelisk,Things,,,,1,3,7
Ocean Basket,Companies,,,1,1,1,12
octagon,Math and Science,,,,0,1,7
Oktoberfest,Events,,,,0,2,11
Old Mutual,Companies,,,,0,1,10
Oliver Tambo,People and Characters,Politics,,1,0,2,12
Oliver Twist,Language and Literature ,Book,,,0,1,12
Olympiad,Events,,,,0,2,8
On-on,Games,,,1,1,1,5
one direction,Music,,,,1,1,13
One Flew Over the Cuckoo's Nest,Movies,,,,1,2,31
One Piece,TV Show,Anime,,,1,1,9
Oops!... I did it again,Music,Lyrics,,,1,1,23
oppenheimer,Movies,,,,1,2,11
Oppikoppi,Events,,,1,0,3,9
Oprah,People and Characters,Sports,,,1,1,5
Orania,Geography,Landmarks,,,0,1,6
Origin of Species,Language and Literature ,Book,,,0,2,17
oros,Food and Drink,,,,1,1,4
Orphan Black,TV Show,,,,1,3,12
Osaka,Geography,Country,,,0,2,5
Oslo,Geography,City,Capital,,0,2,4
Osman's,Companies,,,1,1,2,7
OTP,Technology,,,,0,1,3
Outliers,Language and Literature ,,,,0,1,8
oxidation,Math and Science,,,,0,2,9
Oxygen,Math and Science,,,,0,1,6
ozzy osbourne,People and Characters,Music,,,1,2,13
p.w. botha,People and Characters,Politics,,1,0,1,10
Pablo Picasso,People and Characters,,,,0,2,13
Pac-Man,Games,,,,1,1,7
Pad Thai,Food and Drink,Meal,,,1,3,8
Padel,Sports,,,,1,1,5
Padkos,Culture,,,1,1,2,6
Pain and Glory,Movies,,,,1,2,14
Paint Brush,Things,,,,1,1,11
pakistan,geography,,,,0,1,8
Palace of Versailles,Geography,Landmarks,,,0,2,20
Palau,Geography,Country,,,0,3,5
pam golding,Companies,,,,0,2,11
Pangea,Geography,Landmarks,,,0,2,6
Pangolin,Animals,,,,0,2,8
parallel parking,Things,,,,1,1,16
Parasite,Movies,,,,1,2,8
Paris,Geography,City,,,0,1,5
Parkour,Sports,,,,1,1,7
Parks and Recreation,TV Show,,,,1,3,20
Parmesan,Food and Drink,,,,1,1,8
Party in the USA,Music,Lyrics,,,1,2,16
Patrice Motsepe,People and Characters,Politics,,,0,2,15
patricia de lille,People and Characters,Politics,,,0,1,17
Paul Kagame,People and Characters,Politics,,,0,2,11
Paul Levesque,People and Characters,Sports,,,1,2,13
Paul mcCartney,People and Characters,Music,,,1,1,14
Paulo Coelho,People and Characters,Literature,Author,,0,2,12
Peacock,Animals,,,,0,1,7
pearl harbour,Geography,,,,0,1,13
pearl jam,People and Characters,Music,,,1,1,9
pedro's,Companies,,,1,1,1,7
Pegasus,Companies,,,,0,1,7
Peking Duck,Food and Drink,Meal,,,1,3,11
Penélope Cruz,People and Characters,Streamer,,,1,2,13
Penicillin,Math and Science,,,,0,2,10
Pennsylvania,Geography,Places,,,0,2,12
Penny Heyns,People and Characters,Sports,,,1,2,11
pentagon,Math and Science,,,,0,1,8
Peppermint Crisp,Food and Drink,,,,1,2,16
Pepsi,Companies,,,,1,1,5
Pepsi Max,Food and Drink,,,,1,1,9
percy montgomery,People and Characters,Sports,,,1,2,16
Perks of being a wallflower,Language and Literature ,Book,,,0,3,27
Perlemoen,Food and Drink,,,1,1,2,9
Peru,Geography,Country,,,0,2,4
pesto,Food and Drink,,,,1,1,5
PewDiePie,People and Characters,Youtube,,1,1,3,9
Philadelphia,Geography,Places,,,0,3,12
philosophy,Language and Literature ,,,,0,1,10
Pho,Food and Drink,Meal,,,1,1,3
Photosynthesis,Math and Science,,,,0,1,14
Pick 'n Pay,Companies,,,,1,1,11
Pickleball,Sports,,,,1,2,10
Pictionary,Games,Boardgame,,,1,1,10
Pieter Groenewald,People and Characters,Politics,,,0,3,17
pietermartizburg,Geography,,,,0,2,16
Pikachu,People and Characters,Pokemon,,,1,1,7
Pillow fighting,Sports,,,,1,2,15
Pina Colada,Food and Drink,Drink,,,1,2,11
Pine Tree,Nature,,,,0,1,9
Platypus,Animals,,,,0,2,8
playstation 3,Games,,,,1,1,13
Pluto,Geography,planet,,,0,1,5
Pocono Mountains,Geography,Places,,,0,3,16
Pokémon,Games,,,,1,1,7
Pokimane,People and Characters,Streamer,,,1,3,8
poland,Geography,,,,0,2,6
Politics,Language and Literature ,,,,0,1,8
polymer,Math and Science,,,,0,2,7
Portishead,People and Characters,Music,Artist,,1,3,10
Portugal,Geography,Country,,,0,1,8
Potato Warras,Food and Drink,,,1,1,2,13
Potjiekos,Food and Drink,,,1,1,2,9
Powerbank,Technology,,,,0,1,9
Prague,Geography,Country,,,0,2,6
praying mantis,Animals,,,,0,1,14
Precipitation,Nature,,,,0,1,13
pressure cooker,Technology,,,,0,2,15
Pretoria,Geography,City,,1,0,1,8
Pride and Prejudice,Language and Literature ,Book,,,0,2,19
Prince,People and Characters,,,,0,1,6
prince william,People and Characters,Politics,,,0,1,14
Princess Leia,People and Characters,Movie,,,1,3,13
Princess Mononoke,Movies,,,,1,3,17
Prison Break,TV Show,,,,1,2,12
Project Runway,TV Show,,,,1,2,14
projector,Technology,,,,0,1,9
Pronutro,Food and Drink,,,1,1,1,8
Psycho,Movies,,,,1,2,6
Pulp Fiction,Movies,,,,1,1,12
Puma,Animals,,,,0,1,4
Pumped up kicks ,Music,Lyrics,,,1,2,16
Pursuit of Happyness,Movies,,,,1,2,20
Pyramids,Geography,Landmarks,,,0,1,8
Pythagorean Theorem,Math and Science,,,,0,2,19
Qatar Airways,Companies,,,,0,2,13
Quack!,Language and Literature ,Phonics,,,0,1,6
Quagga,Culture,,,1,1,2,6
quantum computing,Technology,,,,0,3,17
Queenstown,Geography,,,,0,2,10
Queer Eye for the Straight Guy,TV Show,,,,1,3,30
Quentin Tarantino,People and Characters,Director,,,1,1,17
quiche,Food and Drink,,,,1,2,6
Quidditch,Sports,,,,1,2,9
R Kelly,People and Characters,Music,Artist,,1,1,7
Raccoon,Animals,,,,0,1,7
radish,Food and Drink,,,,1,2,6
Rafael Nadal,People and Characters,Sports,Tennis,,1,1,12
Rainforest,Nature,,,,0,1,10
RAM,Technology,,,,0,1,3
Ramadan,Events,,,,0,1,7
Rami Malek,People and Characters,Actor,,,1,2,10
rapport,Companies,,,,0,3,7
RASSIE ERASMUS,People and Characters,Sports,Rugby,1,1,2,14
rat king,Math and Science,,,1,0,2,8
Ray Brown,People and Characters,Music,Artist,,1,3,9
"Ready, Set, Go",Language and Literature ,triplets,,,0,1,14
red hot chill peppers,People and Characters,Music,,,1,1,21
Red Panda,Animals,,,,0,1,9
Redbull,Food and Drink,Drink,,,1,1,7
renaissance,History,Event,,,0,2,11
renault,Companies,,,,0,2,7
REQUIEM FOR A DREAM ,Movies,,,,1,3,20
Rhodes must fall,History,South Africa,,,0,1,16
Rhombus,Math and Science,,,,0,2,7
Rhythm,Technical,triplets,,,0,2,6
Rick and Morty,TV Show,,,,1,1,14
rihanna,People and Characters,,,,0,1,7
Ring Light,Technology,,,,0,1,10
RINGO STARR,People and Characters,Music,artist,,1,2,11
Rio Carnival,Events,,,,0,2,12
Rivonia Trial,History,,,,0,3,13
RNA,Math and Science,,,,0,2,3
Robert Downey Jr.,People and Characters,Actor,,,1,1,17
Robert Mugabe,People and Characters,Politics,,,0,2,13
Robots,Technology,,,,0,2,6
Robson Walton,People and Characters,Literature,Author,,0,2,13
"Rock, Paper, Scissors",Games,,,,1,1,21
Rocky Aur Rani Ki Prem Kahani,Movies,Indian,,,1,3,29
Roger Federer,People and Characters,Sports,Tennis,,1,1,13
rolex,Companies,,,,0,1,5
Roman Empire,history,,,,0,2,12
Rome,Geography,City,,,0,1,4
ron weasley,People and Characters,,,,1,1,11
Ronda Rousey,People and Characters,Sports,UFC,,1,2,12
Rondavel,Culture,,,1,1,2,8
Roosterkoek,Food and Drink,,,1,1,2,11
Rosh Hashanah,Events,,,,0,3,13
Rubik's Cube,Math and Science,,,,0,1,12
Run Jozi,Music,Lyrics,,1,1,2,8
Runoff,Nature,,,,0,2,6
russell peters,People and Characters,Actor,Comedian,,1,2,14
Russia,Geography,Country,,,0,1,6
Russian Roulette,Games,,,,1,2,16
Ryan Higa,People and Characters,Youtube,,,1,3,9
Ryan Reynolds,People and Characters,Actor,,,1,1,13
Sachin Tendulkar,People and Characters,Sports,Cricket,,1,3,16
Saddam Hussein,People and Characters,Politics,,,0,2,14
saffron,Food and Drink,,,,1,1,7
Sago Pudding,Food and Drink,,,,1,3,12
Saleh Bbq Tonight ,Companies,,,1,1,2,18
Sam Smith,People and Characters,Music,,,1,1,9
Samsung,Companies,,,,0,1,7
Samuel L. Jackson,People and Characters,Actor,,,1,1,17
San Salvador,Geography,City,,,0,3,12
Sand Dune,Nature,,,,0,1,9
Sandman,Language and Literature ,Book,,,0,2,7
sandra bullock,People and Characters,Actor,,,1,2,14
Sandton,Geography,,,,0,1,7
Sangoma,Culture,,,1,1,2,7
Sanlam,Companies,,,,0,1,6
Santa Claus,People and Characters,Sports,,,1,1,11
Santiago,Geography,City,,,0,2,8
São Tomé and Príncipe,Geography,Country,,,0,3,21
Sapiens,Language and Literature ,,,,0,1,7
Sarafina,Movies,South Africa,,1,1,2,8
Sarmie,Culture,,,1,1,3,6
Sashimi,Food and Drink,Meal,,,1,2,7
Sasol,Companies,,,,0,1,5
satellite,Technology,,,,0,1,9
Satrix,Companies,,,,0,3,6
Saudi Arabia,Geography,Country,,,0,1,12
Saute,Food and Drink,,,,1,2,5
Savanna,Nature,,,,0,1,7
saxophone,Music,,,,1,1,9
say ma now,Culture,,,1,1,2,10
say my name,Music,Lyrics,,,1,2,11
Scarlett Johansson,People and Characters,Actor,,,1,1,18
Sceletium,Nature,South Africa,,1,0,2,9
Schabir Shaik,People and Characters,Politics,,,0,2,13
Scooby-Doo,TV Show,,,,1,1,10
Scorpions,Companies,,,1,0,1,9
Scrabble,Games,,,,1,1,8
seal,People and Characters,Music,,,1,2,4
seashells,Nature,,,,0,1,9
Sebastian Vettel,People and Characters,Sports,F1,,1,3,16
Secretarybird,Animals,,,,0,2,13
See both sides like Chanel,Music,Lyrics,,,1,2,26
Seinfeld,TV Show,,,,1,3,8
Selfie Stick,Things,,,,1,1,12
sellotape,Things,,,,1,1,9
Seoul,Geography,City,,,0,1,5
Serena Williams,People and Characters,Sports,Tennis,,1,1,15
Sergio Mendez,People and Characters,Music,,,1,2,13
sesame street,TV Show,,,,1,1,13
Shaka,People and Characters,Politics,,,0,2,5
Shane Dawson,People and Characters,Youtube,,,1,3,12
Shaquille O'Neal,People and Characters,Sports,Basketball,,1,1,16
Sharpeville,History,South Africa,,,0,1,11
Sharpshooting,Sports,,,,1,1,13
shatterprufe,Companies,,,,0,2,12
Shaun POllock,People and Characters,Sports,Cricket,,1,2,13
Shell,Companies,,,1,0,1,5
Shenzhen,Geography,City,,1,0,2,8
Sherlock,TV Show,,,,1,1,8
sherlock holmes,People and Characters,TV Shows,,,1,1,15
Shisa Nyama,Food and Drink,,,1,1,3,11
Shoebill,Animals,,,,0,2,8
Shoprite,Companies,,,1,1,1,8
Shrek 3,Movies,,,,1,1,7
sicily,Geography,,,,0,3,6
Silence of Lambs,Movies,,,,1,2,16
Silent NIGHt,Music,,,,1,2,12
Silverfish,Animals,,,,0,1,10
Simon Says,Games,,,,1,1,10
Simone Biles,People and Characters,Sports,GYmnatists,,1,3,12
Simpsons,TV Show,,,,1,1,8
Sinkhole,Nature,,,,0,2,8
Sister Bettina,Music,South Africa,,1,1,1,14
SISTERHOOD OF THE TRAVELING PANTS,Movies,,,,1,2,33
Sistine Chapel,Geography,Landmarks,,1,0,2,14
Six-Day War,History,,,,0,2,11
Siya Kolisi,People and Characters,Sports,Rugby,,1,1,11
Skeem Saam,TV Show,,,1,1,3,10
Sky News,TV Show,,,,1,1,8
Skyrim,Games,,,,1,3,6
Slack,Companies,,,,0,1,5
Slash,People and Characters,Music,,,1,2,5
Slaughterhouse-Five,Language and Literature ,Book,,,0,3,19
Sloth,Animals,,,,0,1,5
Slumdog Millionaire,Movies,,,,1,1,19
Smallville,TV Show,,,,1,2,10
Smiley,Food and Drink,,,1,1,2,6
Smosh,People and Characters,Youtube,,,1,3,5
snoopy,People and Characters,TV Shows,,,1,1,6
Snorkelling,Sports,,,,1,2,11
Snow Leopard,Animals,,,,0,1,12
So you think you can dance,TV Show,,,,1,2,26
Soccer,Sports,,,,1,1,6
sociology,Language and Literature ,,,,0,2,9
Socrates,People and Characters,,,,0,3,8
Solitaire,Games,,,,1,1,9
Somalia,Geography,Country,,,0,1,7
Sopranos,TV Show,,,,1,2,8
South Africa,Geography,Country,,1,0,1,12
south america,Geography,,,,0,1,13
South Korea,Geography,Country,,,0,1,11
South Park,TV Show,,,,1,1,10
Soviet Union,History,,,,0,2,12
Soweto Uprising,History,South Africa,,1,0,1,15
Space Race,History,Event,,,0,2,10
Spain,Geography,Country,,,0,1,5
Spanish Flu,History,Event,,,0,2,11
spider-man 3,Movies,,,,1,1,12
Spotify,Companies,,,,1,1,7
spud,Movies,,,1,1,2,4
Spur,Companies,,,1,1,1,4
square,Math and Science,,,,0,1,6
St. Patrick's Day,Events,Holidays,,,0,2,17
Standard Bank,Companies,,,,0,1,13
Stapler,Technical,triplets,,,0,1,7
Star Trek,TV Show,,,,1,2,9
Star Wars,Movies,,,,1,1,9
Star-Nosed Mole,Animals,,,,0,2,15
Starlink,Technology,,,,0,2,8
Statue of Liberty,Geography,Landmarks,,1,0,1,17
Steers,Companies,,,,1,1,6
stenography,Technology,,,,0,3,11
STEP BROTHERS ,Movies,,,,1,1,14
step up 4,Movies,,,,1,1,9
stephen king,People and Characters,Language and Literature,,,0,2,12
Ster-Kinekor,Companies,,,,1,1,12
Steri stumpie,Food and Drink,,,1,1,1,13
Sterling Golden,People and Characters,Sports,wwe,,1,3,15
stethoscope,Technology,,,,0,2,11
Steve Biko,People and Characters,Politics,,1,0,1,10
Steve Redgrave,People and Characters,Sports,,,1,2,14
Steven Spielberg,People and Characters,Director,,,1,2,16
Stockholm,Geography,City,Capital,1,0,3,9
stokvel,Culture,,,1,1,2,7
Stone Cold Steve Austin,People and Characters,Sports,WWE,,1,2,23
Stonehenge,Geography,Landmarks,,,0,2,10
"Stop, Drop, Roll",Language and Literature ,triplets,,,0,1,16
Stranger Things,TV Show,,,,1,2,15
Street Fighter ,Games,,,,1,1,15
suez canal,Geography,Landmarks,,1,0,2,10
"Sugar, Spice and Everything Nice",Language and Literature ,,,,0,2,32
Suits,TV Show,,,,1,1,5
Sulphates,Math and Science,,,,0,2,9
sun city,Geography,,,,0,1,8
sun international,Geography,,,,0,2,17
Super Mario Bros.,Games,,,,1,1,17
Superman,People and Characters,,,,0,1,8
Superstore,TV Show,,,,1,1,10
Surfing,Sports,,,,1,1,7
Survivor,TV Show,,,,1,1,8
Sweden,Geography,Country,,,0,2,6
Sweet Caroline,Music,Lyrics,,1,1,1,14
swiss army knife,Technology,,,,0,1,16
Switzerland,Geography,Country,,,0,1,11
Sydney Opera House,Geography,Landmarks,,,0,1,18
Synchronized Swimming,Sports,,,,1,2,21
Table Tennis,Sports,,,,1,1,12
Taekwondo,Sports,,,,1,2,9
Taj Mahal,Geography,Landmarks,,1,0,1,9
Takkies,Culture,,,1,1,1,7
Taliep Petersen,People and Characters,Music,Artist,1,1,2,15
Talking to the Moon,Music,Lyrics,,,1,2,19
tamagotchi,Technology,,,,0,1,10
tarzan,People and Characters,Movie,,,1,2,6
Tata ma chance! Tata ma millions,Culture,,,1,1,2,32
Tatjana Smith,People and Characters,Sports,,,1,2,13
Tattooist of Auschwitz,Language and Literature ,Book,,,0,3,22
Ted Talk,TV Show,,,,1,2,8
Telegram,Companies,,,,0,2,8
telescope,Technology,,,,0,1,9
television,Technology,,,,0,1,10
Tennis,Sports,,,,1,1,6
tequila,Food and Drink,,,,1,1,7
Terminator,Movies,,,,1,1,10
Terracotta Army,Geography,Landmarks,,1,0,3,15
Tetris,Games,,,,1,1,6
Thabo Mbeki,People and Characters,Politics,,,0,1,11
Thailand,Geography,Country,,,0,1,8
Thanksgiving,Events,,,,0,1,12
the a-team,People and Characters,Movie,,,1,1,10
The Alchemist ,Language and Literature ,,,,0,1,14
the apostles,People and Characters,,,,0,2,12
The Avengers,Movies,,,,1,1,12
the big hole ,Geography,,,,0,1,13
the bold and the beautiful,TV Show,,,,1,1,26
The Boys,TV Show,,,,1,1,8
the british lions,People and Characters,Sports,,,1,2,17
the british open,Events,,,,0,2,16
the commonwealth games,Events,,,,0,1,22
the conguring,Movies,,,,1,2,13
the constitution ,Language and Literature ,,,1,0,1,17
the cosby show,TV Show,,,,1,1,14
the cricket world cup,Events,,,,0,1,21
the da,People and Characters,Politics,,,0,1,6
The Fast and the Furious,Movies,,,,1,1,24
The Fault in Our Stars,Language and Literature ,,,,0,2,22
the first lady,People and Characters,Politics,,,0,1,14
The Flash,Movies,,,,1,1,9
The French Open,Events,Sports,,,0,2,15
the führer,People and Characters,Politics,,,0,2,10
the garden of eden,Geography,,,,0,1,18
The Good Doctor,TV Show,,,,1,1,15
The Great Trek ,History,Event,,,0,1,15
The Hunger Games,Language and Literature ,,,,0,1,16
The Incredibles,Movies,,,,1,1,15
the indian ocean,Geography,,,,0,1,16
the internet,Technology,,,,0,1,12
the karate kid,Movies,,,,1,1,14
the kruger millions,Things,,,,1,2,19
The Last Airbender,TV Show,,,,1,2,18
The Legend of Zelda,Games,,,,1,3,19
the limpopo river,Geography,,,,0,2,17
The Lion King,Movies,,,,1,1,13
the lion sleeps tonight,Music,Lyrics,,,1,1,23
"the LION, the WITCH AND the WARDROBE",Language and Literature ,,,,0,2,36
The Little Mermaid,Movies,,,,1,1,18
the london eye,Geography,,,,0,1,14
the louvre,Geography,,,,0,1,10
The Martian,Language and Literature ,,,,0,2,11
the middle east,Geography,,,,0,1,15
The Midnight Library,Language and Literature ,,,,0,2,20
The Moon Landing,History,,,,0,1,16
the niagara falls,Geography,,,,0,1,17
the northern cape,Geography,,,,0,1,17
The Office,TV Show,,,,1,1,10
The oktoberfest,Events,,,,0,2,15
the orange river,Geography,,,,0,2,16
the oscars,Events,,,,0,1,10
the outsiders,Language and Literature ,,,1,0,2,13
the parlotones,People and Characters,Music,,,1,2,14
The penguin,TV Show,,,,1,1,11
the proteas,People and Characters,Sports,,,1,1,11
The pussycat dolls,People and Characters,Music,,,1,1,18
the pyramids,Geography,,,,0,1,12
the red sea,geography,,,,0,1,11
the serengeti,Geography,,,,0,3,13
The Shah ,People and Characters,Politics,,,0,3,9
the Shard,Geography,Landmarks,,,0,3,9
The Shining,Language and Literature ,Book,,,0,2,11
the smurfs,People and Characters,TV Show,,,1,1,10
The Subtle Art of Not Giving a F*ck,Language and Literature ,,,,0,2,35
the suez canal,Geography,,,,0,2,14
The Super Bowl,Events,,,,0,1,14
the taj mahal,Geography,,,,0,1,13
The Third Reich,History,,,,0,3,15
The Umbrella Academy,TV Show,,,,1,1,20
the vikings,People and Characters,,,,0,1,11
The Voice,TV Show,,,,1,1,9
the western cape,Geography,,,,0,2,16
the windy city,Geography,,,,0,1,14
The Wire,TV Show,,,,1,2,8
The Witcher,Games,,,,1,1,11
The wright Brothers,People and Characters,,,,0,2,19
the zambezi river,Geography,,,,0,2,17
Theresa May,People and Characters,Politics,,,0,2,11
Thermodynamics,Math and Science,,,,0,2,14
They not like us,Music,Lyrics,,,1,1,16
they were all yellow,Music,Lyrics,,,1,2,20
Thomas Edison,People and Characters,Math and Science,,,0,2,13
Thunee,Games,,,1,1,2,6
Tic-Tac-Toe,Games,,,,1,1,11
Tiger Woods,People and Characters,Sports,Golf,,1,1,11
Tim Cook,People and Characters,CEO,,,0,2,8
Timothée Chalamet,People and Characters,Movie,Actor,,1,1,17
Tiramisu,Food and Drink,Meal,,,1,3,8
Titanic,History,,,,0,1,7
TKZee,Music,Artist,,1,1,2,5
To Kill a Mockingbird,Language and Literature ,Book,,,0,2,21
"To the window, to the wall",Music,Artist,,,1,2,26
tobey maguire,People and Characters,Movie,Actor,,1,2,13
toblerone,Food and Drink,,,,1,1,9
Togo,Geography,Country,,,0,3,4
Tokoloshe,Culture,,,1,1,1,9
Tokoloshi,Culture,,,1,1,1,9
Tokyo,Geography,City,,,0,1,5
Tom Brady,People and Characters,Sports,American Football,,1,3,9
Tom Hanks,People and Characters,Actor,,,1,2,9
Tom Holland,People and Characters,Actor,,,1,1,11
Tom Yum Soup,Food and Drink,Meal,,,1,2,12
tomb raider,Games,,,,1,1,11
Tomorrowland,Events,,,,0,3,12
Tonga,Geography,Country,,,0,3,5
Tony Blair,People and Characters,Politics,,,0,2,10
Too Good at Goodbyes,Music,,,,1,2,20
Top Chef,TV Show,,,,1,2,8
Tornado,Nature,,,,0,1,7
Tortoise,Animals,,,,0,1,8
Toto Wolf,People and Characters,Sports,F1,,1,2,9
Touch Typing,Technology,,,,0,1,12
Toy Story,Movies,,,,1,1,9
Toyota,Companies,,,,0,1,6
Traffic Light,Technology,triplets,,,0,1,13
Transkei,Geography,,,,0,2,8
transvaal,Geography,,,,0,2,9
Trapezium,Math and Science,triplets,,,0,2,9
trappe van vergelyking,Language and Literature ,Book,,1,0,1,22
Treasure Island,Language and Literature ,,,,0,2,15
Treaty of Versailles,History,Event,,,0,2,20
Trench Town,Geography,Places,,1,0,2,11
trevor manuel,People and Characters,Politics,,1,0,2,13
Trevor Noah,People and Characters,TV Show,Comedian,1,1,1,11
Triangle ,Math and Science,,,,0,1,9
Triathlon,Sports,,,,1,1,9
Trifle,Food and Drink,,,,1,2,6
Trivial Pursuit,Games,Boardgame,,,1,3,15
True Detective,TV Show,,,,1,2,14
Tsotsi,Culture,,,1,1,2,6
Turing Machine,Math and Science,,,,0,3,14
Turkey,Geography,Country,,,0,1,6
Turtle,Animals,,,,0,1,6
tutankhamen,People and Characters,Politics,,,0,2,11
TV license,Things,,,,1,1,10
Twelfth Night,Language and Literature ,Plays,,,0,2,13
Twilight Zone,TV Show,,,,1,3,13
Twin Peaks,TV Show,,,,1,3,10
Twister,Games,,,,1,1,7
Two oceans marathon,Events,,,1,0,1,19
Tyla,People and Characters,Music,Artist,,1,1,4
Tymebank,Companies,,,1,0,1,8
Ubuntu,Culture,,,1,1,1,6
Uchiha Sasuke,People and Characters,Anime,,,1,3,13
ufo,Math and Science,,,,0,1,3
Ultimate Frisbee,Sports,,,,1,2,16
umhlanga rocks,Geography,Places,,,0,3,14
Umlungu,Culture,,,1,1,3,7
United Kingdom,Geography,Country,,,0,1,14
United Nations,History,Event,,,0,1,14
United States,Geography,Country,,,0,1,13
university of the western cape,Geography,Places,,1,0,1,30
UNO,Games,,,,1,1,3
Untamed,Language and Literature ,,,,0,2,7
Up the Creek,Events,,,,0,3,12
US Route 66,Geography,Places,,,0,3,11
Usain Bolt,People and Characters,Sports,Runner,,1,1,10
USB,Technology,,,,0,1,3
Uzumaki Naruto,People and Characters,Anime,TV Show,1,1,2,14
V FOR VENDETTA,Movies,,,,1,2,14
V&A Waterfront,Geography,Places,,1,0,1,14
vaalie,Culture,,,1,1,3,6
vaccine,Math and Science,,,,0,1,7
Valentine's Day,Events,,,,0,1,15
Valley of the End,Geography,Places,,,0,3,17
Vape,Technology,,,,0,1,4
Vaseline,Companies,,,,1,1,8
venezuela,Geography,,,,0,2,9
venus,Geography,,,,0,1,5
Victor Matfield,People and Characters,Sports,Rugby,,1,2,15
victoria beckham,People and Characters,Music,,,1,1,16
Victoria Falls,Geography,Landmarks,,,0,1,14
Vietnam,Geography,Country,,,0,2,7
Vietnam War,History,Wars,,,0,2,11
Vincent van Gogh,People and Characters,,,,0,1,16
Virat Kohli,People and Characters,Sports,Cricket,,1,3,11
virgin mobile,Companies,,,,1,1,13
Virus,Math and Science,,,,0,1,5
Visa,Companies,,,,0,1,4
Vladimir Lenin,People and Characters,Politics,,,0,2,14
Vodacom,Companies,,,,0,1,7
voetsek,Culture,,,1,1,1,7
voetstoots,Culture,,,1,1,2,10
Volkstaat,Geography,Places,,1,0,3,9
Volleyball,Sports,,,,1,2,10
VPN,Technology,,,,0,2,3
Vulindlela,Music,,,1,1,3,10
Vuvuzela,Culture,,,1,1,1,8
Wakanda,Language and Literature ,Places,,,0,1,7
wales,Geography,Country,,,0,1,5
Walking,Sports,,,,1,1,7
Wall Street Crash,History,,,,0,2,17
WALL-E,Movies,,,,1,2,6
Walrus,Animals,,,,0,1,6
walt disney,Geography,,,,0,1,11
War and Peace,Events,,,,0,2,13
watch me nae nae,Music,Lyrics,,,1,1,16
Water Cycle,Math and Science,triplets,,,0,1,11
Water Polo,Sports,,,,1,1,10
watermelon sugar high,Music,Lyrics,,,1,1,21
waves,Nature,,,,0,1,5
Wayde van Niekerk,People and Characters,Sports,Runner,1,1,1,17
We Are the Champions,Music,Lyrics,,,1,1,20
"We will, we will rock you",Music,Lyrics,,,1,1,25
Weasel,Animals,,,,0,1,6
Wellington,Geography,City,Capital,,0,3,10
west africa,Geography,,,,0,1,11
West Wing,TV Show,,,,1,3,9
Western Cape,Geography,,,1,0,1,12
westlife,People and Characters,Music,,,1,1,8
Westworld,TV Show,,,,1,3,9
"What is love, baby don't hurt me",Music,Lyrics,,,1,1,32
whatsapp,Companies,,,,0,1,8
Whirlpool,Nature,,,,0,1,9
Whiskey Sour,Food and Drink,Drink,,,1,2,12
White Russian,Food and Drink,Drink,,,1,2,13
Wie maak die jol vol,Culture,,,1,1,2,20
wifi,Technology,,,,0,1,4
wikipedia,Companies,,,,0,1,9
Wildebeest,Animals,,,,0,1,10
Wilderness,Geography,,,,0,1,10
Will Smith,People and Characters,Actor,,,1,1,10
William Smith,People and Characters,,,1,0,1,13
wimpy,Companies,,,,1,1,5
windhoek lager,Food and Drink,,,1,1,2,14
windsurfing,Sports,,,,1,1,11
Winnie Mandela,People and Characters,Politics,,1,0,1,14
Winston Churchill,People and Characters,Politics,,,0,1,17
Wizardz,Companies,,,,1,1,7
WNBA,People and Characters,Sports,,,1,1,4
Wolf,Animals,,,,0,1,4
Wolfgang Amadeus Mozart,People and Characters,Music,Artist,,1,2,23
wooden spoon,Things,,,,1,1,12
Woody Allen,People and Characters,Director,,,1,2,11
Woof,Language and Literature ,Phonics,,,0,1,4
Woolworths,Companies,,,,1,1,10
Worcestershire sauce,Food and Drink,,,,1,2,20
Workers’ Day,Events,,,1,0,1,12
World of Warcraft,Games,,,,1,3,17
World War I,History,Wars,,,0,1,11
World War II,History,Wars,,,0,1,12
World Wide Web,Technology,,,,0,1,14
"WP, JOU LEKKER DING",Culture,,,1,1,1,19
X-Files,TV Show,,,,1,2,7
X-ray,Technology,,,,0,1,5
xbox,Games,,,,1,1,4
xenophobia,Language and Literature ,,,,0,1,10
Xhosa,Language and Literature ,,,1,0,1,5
Xi Jinping,People and Characters,Politics,,,0,3,10
Y2K,History,,,,0,2,3
Yamaha,Companies,,,1,0,2,6
Yasis,Culture,,,1,1,2,5
Yebo,Culture,,,1,1,2,4
yellow submarine,Music,,,,1,1,16
YMCA,Music,Lyrics,,,1,1,4
you,Companies,,,,1,1,3
"You Are My Fire, My One Desire",Music,Lyrics,,,1,2,30
YoungstaCPT,People and Characters,Music,,,1,1,11
Youth Day,Events,,,1,0,1,9
Youtube,Companies,,,,0,1,7
zapiro,People and Characters,Politics,,,0,1,6
Zebra,Animals,,,,0,1,5
Zef,Culture,,,1,1,2,3
Zendaya,People and Characters,Actor,,,1,1,7
Zinc,Math and Science,,,,0,1,4
Zinedine Zidane,People and Characters,Sports,Soccer,,1,2,15
Zoe Saldana,People and Characters,Actor,Actor,,1,2,11
Zone Fitness,Companies,,,,1,1,12
zucchini,Food and Drink,,,,1,2,8